doc_id,district_name,state,school_year,bargaining_unit,hold_reason,detail,source_url
78,Adlai E Stevenson HSD 125,IL,,teachers,no positive non-contract signal (thin/opaque),title=0 body=0 agenda=0 policy=0/0 kw=6 -> not-CBA,https://www.d125.org/fs/resource-manager/view/f761757c-b55a-4587-b0b0-844838ff93b7
82,Auburn CUSD 10,IL,,teachers,no positive non-contract signal (thin/opaque),title=0 body=1 agenda=0 policy=0/2 kw=2 -> not-CBA,https://www.auburn.k12.il.us/vimages/shared/vnews/stories/471e255ecba55/5%20220.pdf
87,Berwyn South SD 100,IL,,teachers,no positive non-contract signal (thin/opaque),title=0 body=0 agenda=0 policy=0/0 kw=2 -> not-CBA,https://www.bsd100.org/fs/resource-manager/view/dbfd58ee-7272-4ee0-9bbe-15d122e9d568
99,Dolton SD 148,IL,,teachers,no positive non-contract signal (thin/opaque),title=0 body=0 agenda=0 policy=0/0 kw=0 -> not-CBA,https://www.district148.net/mentor/files/documents/IMP%20Updates%202024-25/ACEs%20for%20new%20teachers%20aug%202024.pdf
101,Downers Grove GSD 58,IL,,teachers,no positive non-contract signal (thin/opaque),title=0 body=0 agenda=0 policy=0/0 kw=1 -> not-CBA,https://www.dg58.org/academics/files/documents//6010_3.pdf
103,East Dubuque USD 119,IL,,teachers,no positive non-contract signal (thin/opaque),title=0 body=1 agenda=0 policy=0/1 kw=0 -> not-CBA,https://www.eastdbqschools.org/fs/resource-manager/view/409df910-7160-4a12-b929-b7cba78d9ede
113,Gardner S Wilmington Twp HSD 73,IL,,teachers,no positive non-contract signal (thin/opaque),title=0 body=0 agenda=0 policy=0/2 kw=2 -> not-CBA,https://www.gswhs73.org/vimages/shared/vnews/stories/67894cc79054e/GAVC Contract.pdf
116,Glenview CCSD 34,IL,,teachers,no positive non-contract signal (thin/opaque),title=0 body=0 agenda=0 policy=0/0 kw=0 -> not-CBA,https://www.glenview34.org/fs/resource-manager/view/c0339129-df54-4245-87af-0d8b06bafc23
130,Lostant CUSD 425,IL,,teachers,filename names a CBA (likely false positive),title=1 body=1 agenda=0 policy=0/0 kw=4 -> not-CBA,https://www.lostantcomets.org/vimages/shared/vnews/stories/5d28aebc45e39/Lostant CBA 2025-2028.pdf
133,McLean County USD 5,IL,,teachers,no positive non-contract signal (thin/opaque),title=0 body=0 agenda=1 policy=0/0 kw=0 -> not-CBA,https://www.unit5.org/fs/resource-manager/view/035a07e9-5821-4075-a981-a3dcfeeb343b
145,Palestine CUSD 3,IL,,teachers,no positive non-contract signal (thin/opaque),title=0 body=0 agenda=0 policy=0/0 kw=4 -> not-CBA,https://www.palestinecusd3.net/_files/ugd/2f5b74_febc08071c7c43a992c53b461c966016.pdf
150,Rantoul City SD 137,IL,,teachers,no positive non-contract signal (thin/opaque),title=0 body=2 agenda=0 policy=0/0 kw=1 -> not-CBA,https://www.rcs137.org/fs/resource-manager/view/23bbce3a-3ca7-4a85-a430-9081a55af497
151,Rantoul Township HSD 193,IL,,teachers,no positive non-contract signal (thin/opaque),title=0 body=0 agenda=0 policy=0/0 kw=0 -> not-CBA,https://rths193.org/fs/resource-manager/view/2e2f0361-4da4-4298-845c-a57a82211eb5
156,SD U-46,IL,,teachers,no positive non-contract signal (thin/opaque),title=0 body=0 agenda=1 policy=0/0 kw=4 -> not-CBA,https://www.u-46.org/fs/resource-manager/view/dc87d1ef-dd62-4e62-aeba-3fab040cf002
162,Southwestern CUSD 9,IL,,teachers,no positive non-contract signal (thin/opaque),title=0 body=1 agenda=0 policy=0/0 kw=5 -> not-CBA,"https://www.piasabirds.net/public-documents/files/docs/Contracts%20in%20Excess%20of%20$25,000.pdf"
163,Sparta CUSD 140,IL,,teachers,no positive non-contract signal (thin/opaque),title=0 body=0 agenda=0 policy=0/0 kw=1 -> not-CBA,https://www.sparta140.org/_files/ugd/63dffa_473c2af9dd744f4db1f14fea955838d4.pdf
166,Tri City CUSD 1,IL,,teachers,no positive non-contract signal (thin/opaque),title=0 body=0 agenda=0 policy=0/0 kw=0 -> not-CBA,https://www.tricityschools.org/_files/ugd/76199b_c4cc477c8b7342cba2fef208b052e511.pdf
167,Union SD 81,IL,,teachers,no positive non-contract signal (thin/opaque),title=0 body=0 agenda=0 policy=0/0 kw=3 -> not-CBA,https://www.union81.com/wp-content/uploads/2020/07/IFT-concerns-and-parent-guideline-form.pdf
170,Warren Twp HSD 121,IL,,teachers,no positive non-contract signal (thin/opaque),title=0 body=0 agenda=0 policy=0/3 kw=1 -> not-CBA,https://www.d121.org/fs/resource-manager/view/d1deed40-b2e0-4dce-93a5-b02bb8a3d76a
188,Arbor Park SD 145,IL,,transportation,no positive non-contract signal (thin/opaque),title=0 body=0 agenda=0 policy=0/0 kw=1 -> not-CBA,https://www.arbor145.org/departments/transportation/files/documents/Transportation%20Change%20Request%20Form%20(1).pdf
191,Aurora West USD 129,IL,,custodial_maintenance,no positive non-contract signal (thin/opaque),title=0 body=1 agenda=0 policy=0/0 kw=1 -> not-CBA,https://www.sd129.org/fs/resource-manager/view/f9c224cd-2ad2-41f5-a975-410abd6aaad5
194,CCSD 62,IL,,paraprofessionals,no positive non-contract signal (thin/opaque),title=0 body=0 agenda=0 policy=0/0 kw=1 -> not-CBA,https://www.d62.org/fs/resource-manager/view/686b62d2-f50c-4b3b-bc63-464978a1646b
195,CHSD 99,IL,,support_staff,no positive non-contract signal (thin/opaque),title=0 body=1 agenda=0 policy=0/0 kw=3 -> not-CBA,https://www.csd99.org/fs/resource-manager/view/57704cb7-0310-4e28-aacb-6776f7966378
201,DeKalb CUSD 428,IL,,food_service,no positive non-contract signal (thin/opaque),title=0 body=0 agenda=0 policy=0/0 kw=1 -> not-CBA,https://www.dist428.org/UserFiles/Servers/Server_2861384/File/Departments/Food%20Services/Food%20Service%20Charge%20Procedure%202025-2026.pdf
203,Glenbrook HSD 225,IL,,secretarial_clerical,no positive non-contract signal (thin/opaque),title=0 body=1 agenda=0 policy=0/0 kw=1 -> not-CBA,https://www.glenbrook225.org/fs/resource-manager/view/2764f5e4-27c1-4a02-a5e9-1d0f1e09a980
204,Glenbrook HSD 225,IL,,nurses,no positive non-contract signal (thin/opaque),title=0 body=1 agenda=0 policy=0/0 kw=1 -> not-CBA,https://www.glenbrook225.org/fs/resource-manager/view/c72bf23f-eeae-46c2-820d-64e7766d557d
209,Hamilton CCSD 328,IL,,custodial_maintenance,no positive non-contract signal (thin/opaque),title=0 body=0 agenda=0 policy=0/0 kw=1 -> not-CBA,https://hhs328.com/wp-content/uploads/2025/10/Custodial.pdf
213,Jasper CCSD 17,IL,,food_service,no positive non-contract signal (thin/opaque),title=0 body=0 agenda=1 policy=0/0 kw=1 -> not-CBA,http://www.jasperpolecats.com/images/docs/Cafeteria_Program_Instructions.pdf
216,Kinnikinnick CCSD 131,IL,,custodial_maintenance,no positive non-contract signal (thin/opaque),title=0 body=1 agenda=0 policy=0/1 kw=5 -> not-CBA,https://www.kinn131.org/uploads/1/2/8/5/12857008/8_hour_night_custodian.pdf
217,Kinnikinnick CCSD 131,IL,,paraprofessionals,no positive non-contract signal (thin/opaque),title=0 body=2 agenda=0 policy=0/0 kw=1 -> not-CBA,https://www.kinn131.org/uploads/1/2/8/5/12857008/paraprofessional_.pdf
218,Kinnikinnick CCSD 131,IL,,nurses,no positive non-contract signal (thin/opaque),title=0 body=0 agenda=0 policy=0/0 kw=3 -> not-CBA,https://www.kinn131.org/uploads/1/2/8/5/12857008/sub_registered_nurse.pdf
219,La Harpe CSD 347,IL,,food_service,no positive non-contract signal (thin/opaque),title=0 body=0 agenda=2 policy=0/0 kw=1 -> not-CBA,https://www.laharpeeagles.org/vimages/shared/vnews/stories/52338dded8296/Committee%20of%20the%20Whole%20Cafeteria%20Meeting%20March%2012%202025.pdf
220,La Salle-Peru Twp HSD 120,IL,,teachers,no positive non-contract signal (thin/opaque),title=0 body=0 agenda=0 policy=0/0 kw=0 -> not-CBA,https://www.lphs.net/fs/resource-manager/view/77746387-cba0-4e74-a3a9-0ee201bd29d7
224,Lincolnshire-Prairieview SD 103,IL,,transportation,no positive non-contract signal (thin/opaque),title=0 body=0 agenda=0 policy=0/0 kw=4 -> not-CBA,https://www.d103.org/uploaded/Transportation_Mendoza_Folder/org_chart_2025_2026.pdf
225,Lincolnshire-Prairieview SD 103,IL,,teachers,no positive non-contract signal (thin/opaque),title=0 body=1 agenda=0 policy=0/0 kw=2 -> not-CBA,https://www.d103.org/uploaded/Transportation_Mendoza_Folder/charter_requirements.pdf
238,Zion ESD 6,IL,,teachers,no positive non-contract signal (thin/opaque),title=0 body=0 agenda=0 policy=0/0 kw=2 -> not-CBA,https://www.ed.gov/media/document/ilapp10pdf-105899.pdf
248,Bartelso SD 57,IL,,teachers,filename names a CBA (likely false positive),title=1 body=0 agenda=0 policy=0/0 kw=4 -> not-CBA,https://www.bartelsobraves.com/uploads/2/9/4/6/29464495/cba.pdf
250,Christopher USD 99,IL,,teachers,no positive non-contract signal (thin/opaque),title=0 body=3 agenda=1 policy=0/0 kw=1 -> not-CBA,https://www.ed.gov/sites/ed/files/policy/eseaflex/il.pdf
254,Bethalto CUSD 8,IL,,teachers,no positive non-contract signal (thin/opaque),title=1 body=2 agenda=0 policy=0/21 kw=3 -> not-CBA,https://core-docs.s3.us-east-1.amazonaws.com/documents/asset/uploaded_file/4879/Bethalto_CUSD/4449202/Policy_2_260_Uniform_Grievance_Procedure.pdf
257,Bradley Bourbonnais CHSD 307,IL,,teachers,no positive non-contract signal (thin/opaque),title=1 body=2 agenda=0 policy=1/0 kw=5 -> not-CBA,https://www.bbchs.org/fs/resource-manager/view/1cd8a318-b686-4194-8468-13a4cdd6e319
260,Richland GSD 88A,IL,,teachers,no positive non-contract signal (thin/opaque),title=0 body=0 agenda=0 policy=0/0 kw=0 -> not-CBA,https://www.ed.gov/media/document/ildappdf-98060.pdf
271,Cahokia CUSD 187,IL,,teachers,no positive non-contract signal (thin/opaque),title=0 body=0 agenda=0 policy=0/1 kw=1 -> not-CBA,https://ilcourtsaudio.blob.core.windows.net/antilles-resources/resources/162a9a36-996a-425c-abe2-2f163c65e9bf/126212_AEB.pdf
276,Carrollton CUSD 1,IL,,teachers,no positive non-contract signal (thin/opaque),title=1 body=1 agenda=1 policy=0/10 kw=4 -> not-CBA,https://files-backend.assets.thrillshare.com/documents/asset/uploaded_file/5626/Ccsd/6f6335ef-6efc-4f99-9587-961e2072ad2c/830-Visitors-to-and-Conduct-on-School-Property.pdf?disposition=inline
280,Central CUSD 301,IL,,teachers,no positive non-contract signal (thin/opaque),title=1 body=1 agenda=0 policy=0/0 kw=7 -> not-CBA,https://central301.net/wp-content/uploads/2026/03/31-045-3010-46-Northern-Kane-Cty-Reg-Voc-System-FY25.pdf
281,Centralia SD 135,IL,,teachers,no positive non-contract signal (thin/opaque),title=1 body=1 agenda=1 policy=4/11 kw=4 -> not-CBA,https://ccs135.com/wp-content/uploads/2024/05/Policy-2-270.pdf
290,Cons HSD 230,IL,,teachers,no positive non-contract signal (thin/opaque),title=0 body=2 agenda=0 policy=0/0 kw=1 -> not-CBA,https://resources.finalsite.net/images/v1718727142/d230org/bgsnleodrgcjivaogsae/Audit_FY2022-23.pdf
292,Stewardson-Strasburg CUD 5A,IL,,teachers,no positive non-contract signal (thin/opaque),title=1 body=0 agenda=0 policy=0/0 kw=0 -> not-CBA,https://resources.finalsite.net/images/v1734463868/d86hinsdale86org/spxuvaqlb9nntlq8lenv/2024-11-07SchoolReportCardAcademicCommitteeDraft.pdf
293,Crab Orchard CUSD 3,IL,,teachers,no positive non-contract signal (thin/opaque),title=1 body=2 agenda=0 policy=0/12 kw=6 -> not-CBA,https://core-docs.s3.us-east-1.amazonaws.com/documents/asset/uploaded_file/2414/cocusd3/3761661/Policy-5120.pdf
295,Spring Garden CCSD 178,IL,,teachers,no positive non-contract signal (thin/opaque),title=0 body=1 agenda=0 policy=0/0 kw=1 -> not-CBA,https://files-backend.assets.thrillshare.com/documents/asset/uploaded_file/4169/Vhs/bc510a7a-f586-4504-aefd-b7e6410ae75e/Buncombe__Cypress__New_Simpson_Hill__Vienna_Gr.pdf?disposition=inline
299,DeSoto Cons SD 86,IL,,teachers,no positive non-contract signal (thin/opaque),title=1 body=2 agenda=0 policy=0/12 kw=6 -> not-CBA,https://files-backend.assets.thrillshare.com/documents/asset/uploaded_file/1795/Desoto_86/b2ee607e-3ec3-4b2f-acd6-ef04e7225835/Policy-5120__1_.pdf?disposition=inline
300,Deer Creek-Mackinaw CUSD 701,IL,,paraprofessionals,no positive non-contract signal (thin/opaque),title=1 body=0 agenda=0 policy=0/0 kw=6 -> not-CBA,https://cdnsm5-ss18.sharpschool.com/UserFiles/Servers/Server_192508/File/RTI%20Interventionist-Paraprofessional.pdf
317,Eswood CCSD 269,IL,,teachers,no positive non-contract signal (thin/opaque),title=1 body=2 agenda=1 policy=0/0 kw=3 -> not-CBA,https://resources.finalsite.net/images/v1721937983/eswoodschoolorg/pcvvuh2hrvfpyv4td4tp/Eswood_CCSD_269_-_Evaluation_Plan.pdf
321,Reavis Twp HSD 220,IL,,teachers,no positive non-contract signal (thin/opaque),title=1 body=1 agenda=0 policy=1/0 kw=6 -> not-CBA,https://core-docs.s3.amazonaws.com/documents/asset/uploaded_file/3045/LTHSD/2599745/Budget_Narrative_and_Overview_FY23.pdf
323,Fenton CHSD 100,IL,,teachers,no positive non-contract signal (thin/opaque),title=1 body=1 agenda=0 policy=2/4 kw=6 -> not-CBA,https://www.fenton100.org/fs/resource-manager/view/90628563-124d-4420-9af4-013fd6642a44
333,Germantown SD 60,IL,,administrators,no positive non-contract signal (thin/opaque),title=1 body=0 agenda=0 policy=4/1 kw=5 -> not-CBA,https://core-docs.s3.amazonaws.com/documents/asset/uploaded_file/1364527/5_100-AP_Administrative_Procedure_-_Staff_Development_Program.pdf
334,Gifford CCSD 188,IL,,teachers,no positive non-contract signal (thin/opaque),title=1 body=2 agenda=1 policy=4/29 kw=2 -> not-CBA,https://files-backend.assets.thrillshare.com/documents/asset/uploaded_file/1743/Gifford/efc50cea-68c3-47a0-812f-c36f8deea163/Gifford_CCSD_188_-_PRESS_Plus_99.pdf?disposition=inline
342,Gurnee SD 56,IL,,teachers,no positive non-contract signal (thin/opaque),title=1 body=2 agenda=0 policy=0/22 kw=3 -> not-CBA,https://files-backend.assets.thrillshare.com/documents/asset/uploaded_file/3549/Gurnee/31c3e955-77c0-4a69-8f2e-a38b70edbe82/Policy_2260.pdf?disposition=inline
348,Hiawatha CUSD 426,IL,,teachers,filename names a CBA (likely false positive),title=0 body=2 agenda=1 policy=0/0 kw=3 -> not-CBA,https://nflpaweb.blob.core.windows.net/website/PDFs/CBA/March-15-2020-NFL-NFLPA-Collective-Bargaining-Agreement-Final-Executed-Copy.pdf
355,Indian Prairie CUSD 204,IL,,teachers,no positive non-contract signal (thin/opaque),title=0 body=1 agenda=1 policy=0/2 kw=0 -> not-CBA,https://www.ipsd.org/cms/lib/IL50011018/Centricity/Domain/76/Section504ProceduresGuidelines_info.pdf
365,Knoxville CUSD 202,IL,,teachers,no positive non-contract signal (thin/opaque),title=1 body=2 agenda=0 policy=0/0 kw=6 -> not-CBA,https://files-backend.assets.thrillshare.com/documents/asset/uploaded_file/2723/Kcusd/2ec7ab6b-8ee1-4d93-b312-26d6280c17a9/Special_Education_Teacher_w_job_desc.pdf?disposition=inline
375,Lockport Twp HSD 205,IL,,teachers,no positive non-contract signal (thin/opaque),title=0 body=3 agenda=0 policy=1/0 kw=3 -> not-CBA,https://files-backend.assets.thrillshare.com/documents/asset/uploaded_file/3045/Lthsd/31d1cee7-2694-47aa-8f6e-d3aebdb610cb/2020__2_.pdf?disposition=inline
377,Macomb CUSD 185,IL,,teachers,no positive non-contract signal (thin/opaque),title=1 body=1 agenda=0 policy=0/4 kw=5 -> not-CBA,https://www.macomb185.org/DocumentCenter/View/221
415,McHenry CCSD 15,IL,,transportation,no positive non-contract signal (thin/opaque),title=0 body=0 agenda=0 policy=0/0 kw=1 -> not-CBA,https://www.d15.org/fs/resource-manager/view/cbad4841-4a87-4bac-a687-808cc6968ea3
417,Millburn CCSD 24,IL,,food_service,no positive non-contract signal (thin/opaque),title=0 body=0 agenda=0 policy=0/0 kw=1 -> not-CBA,https://www.millburn24.net/fs/resource-manager/view/4f54e1a6-3925-4b35-8a85-26209bf02e6b
418,Miller Twp CCSD 210,IL,,teachers,no positive non-contract signal (thin/opaque),title=0 body=0 agenda=0 policy=1/0 kw=2 -> not-CBA,https://www.miltonpope.net/uploads/b/9114ade0-f6df-11eb-be43-cbc36a29f31a/BoardPolicyBookCover.pdf
419,Moline-Coal Valley CUSD 40,IL,,teachers,no positive non-contract signal (thin/opaque),title=0 body=2 agenda=0 policy=0/3 kw=3 -> not-CBA,https://www.molineschools.org/fs/resource-manager/view/1f7ead43-16eb-4ab6-9a73-384b71eed99d
423,Morton CUSD 709,IL,,food_service,no positive non-contract signal (thin/opaque),title=0 body=0 agenda=0 policy=0/0 kw=2 -> not-CBA,https://www.morton709.org/file/4098
426,Mundelein Cons HSD 120,IL,,paraprofessionals,no positive non-contract signal (thin/opaque),title=0 body=0 agenda=0 policy=0/0 kw=2 -> not-CBA,https://www.d120.org/assets/1/6/What-is-Paraprofessional.pdf
428,Murphysboro CUSD 186,IL,,custodial_maintenance,no positive non-contract signal (thin/opaque),title=1 body=2 agenda=1 policy=0/3 kw=4 -> not-CBA,https://www.hurst-rosche.com/uploads/2/9/3/9/29393433/general_john_a_logan_2020_maintenance_grant_-_project_manual.pdf
431,Nashville CCSD 49,IL,,teachers,no positive non-contract signal (thin/opaque),title=0 body=0 agenda=0 policy=0/0 kw=0 -> not-CBA,http://www.nashville49.org/nurse/Respiratory%20Infections.pdf
433,New Trier Twp HSD 203,IL,,food_service,no positive non-contract signal (thin/opaque),title=0 body=0 agenda=0 policy=0/0 kw=0 -> not-CBA,https://www.newtrier.k12.il.us/fs/resource-manager/view/cd735185-3146-48e3-b058-9e9147c9c555
435,Niles Twp HSD 219,IL,,transportation,no positive non-contract signal (thin/opaque),title=0 body=0 agenda=0 policy=0/0 kw=1 -> not-CBA,https://www.niles219.org/fs/resource-manager/view/5011c517-462c-40ba-97f2-bb62cea91b52
439,North Boone CUSD 200,IL,,transportation,no positive non-contract signal (thin/opaque),title=0 body=0 agenda=0 policy=0/1 kw=2 -> not-CBA,https://www.nbcusd.org/wp-content/uploads/4.110E2-Transportation-Request-Form.pdf
441,Eastern IL EFE System,IL,,teachers,no positive non-contract signal (thin/opaque),title=0 body=3 agenda=0 policy=0/0 kw=6 -> not-CBA,https://resources.finalsite.net/images/v1733505564/nssd112org/tcbfbemox48cukfu4sc4/34-049-1120-02NorthShoreSD112ASA7.pdf
442,Oak Grove SD 68 Green Oaks,IL,,teachers,no positive non-contract signal (thin/opaque),title=0 body=0 agenda=0 policy=0/0 kw=1 -> not-CBA,https://www.ogschool.org/staff/nurse/files/documents/Child%20Health%20Exam.pdf
443,Oak Grove SD 68 Green Oaks,IL,,paraprofessionals,no positive non-contract signal (thin/opaque),title=0 body=0 agenda=0 policy=0/0 kw=1 -> not-CBA,https://www.ogschool.org/employment/files/documents/Sub-Para-Checklist.pdf
446,Ohio CHSD 505,IL,,food_service,no positive non-contract signal (thin/opaque),title=0 body=0 agenda=0 policy=0/0 kw=1 -> not-CBA,http://ohiocommunityschooldistricts.com/wp-content/uploads/FY23-summermeals-flyer.pdf
447,Ohio CHSD 505,IL,,transportation,no positive non-contract signal (thin/opaque),title=0 body=1 agenda=0 policy=0/0 kw=1 -> not-CBA,http://ohiocommunityschooldistricts.com/wp-content/uploads/Bus-Drivers_Co-Curricular-Driver-Ad-4.23.26.pdf
463,Plano CUSD 88,IL,,teachers,no positive non-contract signal (thin/opaque),title=0 body=3 agenda=0 policy=1/1 kw=2 -> not-CBA,https://core-docs.s3.amazonaws.com/documents/asset/uploaded_file/1230656/Section_8_-_April_2021.pdf
465,Pleasant Valley SD 62,IL,,paraprofessionals,no positive non-contract signal (thin/opaque),title=0 body=1 agenda=0 policy=0/0 kw=5 -> not-CBA,https://www.pv62.com/uploads/3/8/5/3/38533755/paraprofessional_-_behavior_classroom_job_description__primary_-_full_time__-_google_docs.pdf
466,Pleasant Valley SD 62,IL,,support_staff,no positive non-contract signal (thin/opaque),title=0 body=0 agenda=0 policy=0/0 kw=3 -> not-CBA,https://www.pv62.com/uploads/3/8/5/3/38533755/job_application_-_non_certified.pdf
468,Prairie Grove CSD 46,IL,,teachers,no positive non-contract signal (thin/opaque),title=1 body=2 agenda=0 policy=0/12 kw=6 -> not-CBA,https://files-backend.assets.thrillshare.com/documents/asset/uploaded_file/504/Prairie_Grove_Csd_46/d6938833-7d15-4572-b914-f7c8252fd0f8/Policy-5120.pdf?disposition=inline
476,Ramsey CUSD 204,IL,,teachers,no positive non-contract signal (thin/opaque),title=1 body=2 agenda=1 policy=0/2 kw=3 -> not-CBA,https://www.hurst-rosche.com/uploads/2/9/3/9/29393433/final_combined_specs_8-2-24.pdf
485,Ridgewood CHSD 234,IL,,food_service,no positive non-contract signal (thin/opaque),title=0 body=0 agenda=0 policy=0/0 kw=1 -> not-CBA,https://www.d234.org/assets/1/6/Ridgewood_Cafeteria_Price_List_2025.2026_School_Year.pdf
488,Robinson CUSD 2,IL,,transportation,no positive non-contract signal (thin/opaque),title=0 body=0 agenda=0 policy=0/0 kw=2 -> not-CBA,https://www.robinsonschools.com/unit2/images/files/transportation-documents//[x] School Bus Policy (2025-2026).pdf
491,Rockton SD 140,IL,,paraprofessionals,no positive non-contract signal (thin/opaque),title=0 body=1 agenda=0 policy=0/0 kw=1 -> not-CBA,https://www.rockton140.org/district/Job/26_27/RGS_1_1_Para.pdf
496,Sandoval CUSD 501,IL,,teachers,no positive non-contract signal (thin/opaque),title=1 body=2 agenda=0 policy=0/12 kw=6 -> not-CBA,https://core-docs.s3.us-east-1.amazonaws.com/documents/asset/uploaded_file/2033/Sandoval_CUSD/4280342/Policy-5120.pdf
505,Skokie SD 69,IL,,teachers,no positive non-contract signal (thin/opaque),title=0 body=3 agenda=1 policy=0/4 kw=4 -> not-CBA,https://resources.finalsite.net/images/v1705598258/skokie69k12ilus/uqqjbvheltc91ogwv0xc/D69FSMC-RFP-fixed-price-Contract01042024.pdf
506,Skokie SD 73-5,IL,,transportation,no positive non-contract signal (thin/opaque),title=0 body=0 agenda=0 policy=0/0 kw=0 -> not-CBA,https://www.sd735.org/boe/files/documents/Policy%20Manual/4110.pdf
519,Taylorville CUSD 3,IL,,teachers,no positive non-contract signal (thin/opaque),title=1 body=2 agenda=0 policy=0/38 kw=0 -> not-CBA,https://files-backend.assets.thrillshare.com/documents/asset/uploaded_file/2993/Tcusd/52ae75fa-4439-43e3-b0bf-7ff1a95c9bd2/taylorville_3_exported_on_05_28_2026-%284%29%281%29.pdf?disposition=inline
523,Thornton Twp HSD 205,IL,,teachers,no positive non-contract signal (thin/opaque),title=0 body=3 agenda=1 policy=0/0 kw=2 -> not-CBA,https://www.district205.net/fs/resource-manager/view/53e801ee-b59a-40bf-a9f5-85b7f22114c6
537,Venice CUSD 3,IL,,teachers,no positive non-contract signal (thin/opaque),title=1 body=0 agenda=0 policy=0/0 kw=5 -> not-CBA,https://core-docs.s3.us-east-1.amazonaws.com/documents/asset/uploaded_file/2559/VCUSD/5540667/Job_Posting_Music-Band.pdf
540,Waltonville CUSD 1,IL,,teachers,no positive non-contract signal (thin/opaque),title=1 body=2 agenda=0 policy=0/23 kw=3 -> not-CBA,https://www.cusd1.org/files/user/300/2-260-Uniform-Grievance-091924.pdf
545,Whiteside Area Career,IL,,teachers,no positive non-contract signal (thin/opaque),title=0 body=1 agenda=0 policy=1/0 kw=2 -> not-CBA,https://www.riverbendschools.org/vimages/shared/vnews/stories/65fd8e347b40e/River%20Bend%20West%20Carroll%20Reorg%20Study%20upated%20March%2011%20%281%29.pdf
547,West Lincoln-Broadwell ESD 92,IL,,transportation,no positive non-contract signal (thin/opaque),title=0 body=0 agenda=0 policy=0/0 kw=0 -> not-CBA,https://www.wlb92.org/UserFiles/Servers/Server_24501338/File/Permission for Student Transportation by Parent.pdf
555,Winnebago CUSD 323,IL,,support_staff,no positive non-contract signal (thin/opaque),title=0 body=0 agenda=0 policy=0/0 kw=1 -> not-CBA,https://www.winnebagoschools.org/fs/resource-manager/view/bc9abd68-509b-488e-94e6-816b439b3a85
562,Zion-Benton Twp HSD 126,IL,,support_staff,no positive non-contract signal (thin/opaque),title=0 body=1 agenda=0 policy=0/0 kw=2 -> not-CBA,https://www.zb126.org/fs/resource-manager/view/ef5495ee-a91d-45e9-b749-3f6fd6c34a4e
566,Berkeley SD 87,IL,,teachers,no positive non-contract signal (thin/opaque),title=1 body=2 agenda=0 policy=0/22 kw=3 -> not-CBA,https://www.berkeley87.org/UserFiles/Servers/Server_389410/File/Parents/Title%20IX/2_260%20Uniform%20Grievance%20Procedure.pdf
575,East Coloma - Nelson CESD 20,IL,,teachers,no positive non-contract signal (thin/opaque),title=1 body=1 agenda=0 policy=0/0 kw=6 -> not-CBA,https://core-docs.s3.us-east-1.amazonaws.com/documents/asset/uploaded_file/3442/ECNCESD/4938420/ECN_Middle_School_Science__Grades_6-8_.pdf
599,Venice CUSD 3,IL,,teachers,no positive non-contract signal (thin/opaque),title=1 body=0 agenda=0 policy=0/0 kw=5 -> not-CBA,https://files-backend.assets.thrillshare.com/documents/asset/uploaded_file/2559/Vcusd/f5f635fa-1b74-445c-92b0-26da25909633/Teacher-Job-Posting-8th-Grade.pdf?disposition=inline
600,Paris-Union SD 95,IL,,teachers,no positive non-contract signal (thin/opaque),title=0 body=0 agenda=0 policy=0/0 kw=4 -> not-CBA,https://www.paris95.k12.il.us/UserFiles/Servers/Server_8563937/File/Transportation/Driving%20Success%20Paris%20Union%20School%20District%2095%20December%202025.pdf
603,Proviso Twp HSD 209,IL,,custodial_maintenance,no positive non-contract signal (thin/opaque),title=0 body=0 agenda=0 policy=0/0 kw=1 -> not-CBA,https://www.pths209.org/fs/resource-manager/view/925cb944-6f7a-4e63-81e6-1a77924324fc
609,Streator ESD 44,IL,,support_staff,no positive non-contract signal (thin/opaque),title=0 body=0 agenda=0 policy=0/0 kw=6 -> not-CBA,https://www.ses44.net/UserFiles/Servers/Server_26740696/File/Appendix B Support Staff Wages.pdf
614,Willow Springs SD 108,IL,,teachers,no positive non-contract signal (thin/opaque),title=0 body=2 agenda=0 policy=0/0 kw=2 -> not-CBA,https://asbointl.org/common/Uploaded%20files/Awards/MBA/2022-2023%20MBA%20Resources/Deerfield%20FY%2023%20FINAL%20BUDGET.pdf
615,ACE Amandla Charter School,IL,,teachers,no positive non-contract signal (thin/opaque),title=0 body=0 agenda=0 policy=0/0 kw=4 -> not-CBA,https://chicagoworkforcefunders.org/wp-content/uploads/2025/08/Construction-Report-Jan-2021.pdf
628,Capital Area Career Center,IL,,teachers,no positive non-contract signal (thin/opaque),title=0 body=2 agenda=0 policy=0/0 kw=3 -> not-CBA,https://worknet20.org/wp-content/uploads/2020/11/Local-Plan-2020.pdf
630,Centralia HSD 200,IL,,teachers,no positive non-contract signal (thin/opaque),title=1 body=2 agenda=0 policy=0/20 kw=3 -> not-CBA,https://files-backend.assets.thrillshare.com/documents/asset/uploaded_file/2100/Chs/46fa7af6-9cec-4e3f-b55b-2d23c3bde8e5/Board_Policy-2.260_Uniform_Grievance_Procedure.pdf?disposition=inline
657,Lewistown CUSD 97,IL,,teachers,no positive non-contract signal (thin/opaque),title=1 body=1 agenda=0 policy=0/0 kw=3 -> not-CBA,https://core-docs.s3.us-east-1.amazonaws.com/documents/asset/uploaded_file/3407/LCUSD/5707572/District_Sub_Caller.pdf
666,Mid-Valley Special Ed Coop,IL,,teachers,no positive non-contract signal (thin/opaque),title=1 body=1 agenda=0 policy=2/0 kw=6 -> not-CBA,https://files-backend.assets.thrillshare.com/documents/asset/uploaded_file/2649/Bsd/6f14021c-eb4b-4863-942e-a021a873c1d3/Benjamin-25-ASA-2025.pdf?disposition=inline
667,Nettle Creek CCSD 24C,IL,,teachers,no positive non-contract signal (thin/opaque),title=1 body=1 agenda=0 policy=2/4 kw=6 -> not-CBA,https://core-docs.s3.us-east-1.amazonaws.com/documents/asset/uploaded_file/2306/ncccsd/3549885/Policy_5-200.pdf
672,Peotone CUSD 207U,IL,,teachers,no positive non-contract signal (thin/opaque),title=1 body=0 agenda=0 policy=0/0 kw=7 -> not-CBA,https://files-backend.assets.thrillshare.com/documents/asset/uploaded_file/3767/Pcusd/6eb2deec-23d0-4bd9-a3d8-eb2fdf894ee8/Original_Budget_Presentation_FY26.pdf?disposition=inline
674,Philip J Rock Center and School,IL,,administrators,no positive non-contract signal (thin/opaque),title=0 body=3 agenda=1 policy=0/0 kw=7 -> not-CBA,https://www.roe45.net/uploads/5/3/4/0/53402097/administrative_rules_combined_feb2021.pdf
689,Saratoga CCSD 60C,IL,,teachers,no positive non-contract signal (thin/opaque),title=0 body=2 agenda=1 policy=0/0 kw=4 -> not-CBA,https://www.iml.org/cms/files/pages/Journal-of-Local-Government-publication-request.pdf
692,Shelbyville CUSD 4,IL,,teachers,no positive non-contract signal (thin/opaque),title=1 body=0 agenda=0 policy=0/2 kw=4 -> not-CBA,https://core-docs.s3.us-east-1.amazonaws.com/documents/asset/uploaded_file/180/District/4127677/5-190_Teacher_Qualifications.docx.pdf
702,Troy CCSD 30C,IL,,teachers,no positive non-contract signal (thin/opaque),title=1 body=2 agenda=1 policy=1/7 kw=7 -> not-CBA,https://s3.amazonaws.com/media.guidebook.com/upload/14186/extra/Thurs_11-00am_Trans_IFBAC-Part_1.pdf
705,Western Springs SD 101,IL,,teachers,no positive non-contract signal (thin/opaque),title=1 body=1 agenda=1 policy=1/6 kw=2 -> not-CBA,https://cdnsm5-ss14.sharpschool.com/UserFiles/Servers/Server_976073/File/Departments/Superintendent/FOIA/2021-22/may2022/may004-ABCSchoolBusCompany-FOIA.pdf
741,McLean/Dewitt Reg Voc System,IL,,teachers,no positive non-contract signal (thin/opaque),title=1 body=2 agenda=0 policy=0/2 kw=6 -> not-CBA,https://core-docs.s3.us-east-1.amazonaws.com/documents/asset/uploaded_file/3734/BPS/3714286/RVS_ASA_Website_version__1_.pdf
765,CUSD 300,IL,,food_service,no positive non-contract signal (thin/opaque),title=0 body=0 agenda=0 policy=0/0 kw=4 -> not-CBA,https://drive.google.com/uc?export=download&id=1KZbjBaOdAGQZsx7gDlW7wqSZka4jSQAu
766,CUSD 300,IL,,transportation,no positive non-contract signal (thin/opaque),title=0 body=0 agenda=0 policy=0/0 kw=1 -> not-CBA,https://drive.google.com/uc?export=download&id=1mGZ2YCpFr74YfKuMVLGoO6sqx0YS5Nuk
774,Hamilton Co CUSD 10,IL,,support_staff,no positive non-contract signal (thin/opaque),title=0 body=1 agenda=0 policy=0/0 kw=4 -> not-CBA,https://drive.google.com/uc?export=download&id=1Zb8wG-3GsncMyHtK8tSCq1RR1D24Wv-9
782,Huntley Comm Sch Dist 158,IL,,custodial_maintenance,no positive non-contract signal (thin/opaque),title=0 body=0 agenda=0 policy=0/0 kw=7 -> not-CBA,https://www.huntley158.org/fs/resource-manager/view/c1fc225a-cb6a-429a-90b9-4fbaad7bebf1
